image,gt_area_px,gt_ratio_pct,pred_area_px,tp,fp,fn,dice,iou,precision,recall,boundary_fp,boundary_fn,thin_fn,n_gt_components,n_fragmented
20200116073250Uh,299,0.1141,0,0,0,299,0.0,0.0,1.0,0.0,0,613,278,1,0
20190626025430Lh,129,0.0492,0,0,0,129,0.0,0.0,1.0,0.0,0,230,90,2,0
20190927165910Mh,94,0.0359,0,0,0,94,0.0,0.0,1.0,0.0,0,268,94,1,0
20190626025430Lh,129,0.0492,0,0,0,129,0.0,0.0,1.0,0.0,0,230,90,2,0
20171007133710Th,101,0.0385,0,0,0,101,0.0,0.0,1.0,0.0,0,265,92,6,0
20181023232430Lh,78,0.0298,0,0,0,78,0.0,0.0,1.0,0.0,0,131,53,1,0
20110728084714Th,213,0.0813,144,24,120,189,0.1345,0.0721,0.1667,0.1127,248,449,183,4,1
20210329114430Ch,92,0.0351,302,38,264,54,0.1929,0.1067,0.1258,0.413,525,209,52,5,0
20210814044930Lh,558,0.2129,209,77,132,481,0.2008,0.1116,0.3684,0.138,298,559,64,5,0
20210222222850Bh,59,0.0225,17,11,6,48,0.2895,0.1692,0.6471,0.1864,8,174,48,6,0
20170222133710Th,50,0.0191,215,43,172,7,0.3245,0.1937,0.2,0.86,359,13,7,2,0
20170222133710Th,50,0.0191,215,43,172,7,0.3245,0.1937,0.2,0.86,359,13,7,2,0
20171103222630Lh,307,0.1171,81,63,18,244,0.3247,0.1938,0.7778,0.2052,12,521,223,4,0
20171005133730Ch,365,0.1392,88,74,14,291,0.3267,0.1953,0.8409,0.2027,73,660,266,5,0
20160107133714Th,134,0.0511,147,53,94,81,0.3772,0.2325,0.3605,0.3955,191,176,76,2,0
20151128133714Th,269,0.1026,121,83,38,186,0.4256,0.2704,0.686,0.3086,115,412,183,4,0
20110617063134Lh,678,0.2586,1258,419,839,259,0.4329,0.2762,0.3331,0.618,1122,502,231,11,0
20170801164710Mh,621,0.2369,223,184,39,437,0.436,0.2788,0.8251,0.2963,96,787,343,9,1
20140531195834Ch,92,0.0351,289,87,202,5,0.4567,0.2959,0.301,0.9457,550,11,4,1,0
20140111224134Lh,764,0.2914,2456,752,1704,12,0.4671,0.3047,0.3062,0.9843,3277,127,12,12,0
20210624133950Bh,51,0.0195,102,36,66,15,0.4706,0.3077,0.3529,0.7059,212,21,15,1,1
20131128192214Mh,2014,0.7683,833,689,144,1325,0.484,0.3193,0.8271,0.3421,401,1974,922,11,2
20131128192214Mh,2014,0.7683,833,689,144,1325,0.484,0.3193,0.8271,0.3421,401,1974,922,11,2
20170804140650Bh,57,0.0217,102,39,63,18,0.4906,0.325,0.3824,0.6842,158,54,18,2,0
20130502063134Lh,1324,0.5051,1123,624,499,700,0.51,0.3423,0.5557,0.4713,982,1205,634,13,1
20170310133730Ch,335,0.1278,243,150,93,185,0.519,0.3505,0.6173,0.4478,218,363,150,3,1
20160518011654Uh,364,0.1389,174,143,31,221,0.5316,0.362,0.8218,0.3929,50,535,200,9,0
20161002225034Lh,422,0.161,259,181,78,241,0.5316,0.362,0.6988,0.4289,107,491,235,5,1
20210812044930Lh,100,0.0381,118,58,60,42,0.5321,0.3625,0.4915,0.58,165,131,42,3,0
20180506140230Ch,172,0.0656,354,140,214,32,0.5323,0.3627,0.3955,0.814,269,79,27,1,0
20120720085114Th,130,0.0496,252,105,147,25,0.5497,0.3791,0.4167,0.8077,336,63,25,4,0
20120720085114Th,130,0.0496,252,105,147,25,0.5497,0.3791,0.4167,0.8077,336,63,25,4,0
20211119103130Ch,559,0.2132,395,264,131,295,0.5535,0.3826,0.6684,0.4723,292,536,271,5,0
20161223133734Ch,716,0.2731,446,322,124,394,0.5542,0.3833,0.722,0.4497,138,891,379,12,1
20110301082654Uh,85,0.0324,41,35,6,50,0.5556,0.3846,0.8537,0.4118,7,134,49,2,0
20120901114934Ch,1570,0.5989,1021,726,295,844,0.5604,0.3893,0.7111,0.4624,744,1396,510,16,1
20140501195814Mh,831,0.317,1719,727,992,104,0.5702,0.3988,0.4229,0.8748,1488,393,89,8,0
20110509121334Ch,710,0.2708,807,435,372,275,0.5735,0.402,0.539,0.6127,689,521,238,16,1
20150819082014Th,307,0.1171,226,153,73,154,0.5741,0.4026,0.677,0.4984,76,367,151,8,2
20150819082014Th,307,0.1171,226,153,73,154,0.5741,0.4026,0.677,0.4984,76,367,151,8,2
20130905073714Th,1126,0.4295,1962,892,1070,234,0.5777,0.4062,0.4546,0.7922,1493,636,205,15,0
20181101230010Mh,56,0.0214,34,26,8,30,0.5778,0.4062,0.7647,0.4643,12,76,28,2,0
20160103133734Ch,904,0.3448,736,489,247,415,0.5963,0.4248,0.6644,0.5409,436,1032,390,11,0
20160215175514Mh,603,0.23,539,347,192,256,0.6077,0.4365,0.6438,0.5755,356,556,251,9,2
20140604195854Bh,509,0.1942,307,249,58,260,0.6103,0.4392,0.8111,0.4892,69,740,246,19,1
20110215083814Th,409,0.156,498,279,219,130,0.6152,0.4443,0.5602,0.6822,286,268,121,13,0
20110215083814Th,409,0.156,498,279,219,130,0.6152,0.4443,0.5602,0.6822,286,268,121,13,0
20110215083814Th,409,0.156,498,279,219,130,0.6152,0.4443,0.5602,0.6822,286,268,121,13,0
20140603070414Th,1036,0.3952,660,523,137,513,0.6167,0.4459,0.7924,0.5048,239,1065,489,8,2
20120603123034Ch,737,0.2811,592,413,179,324,0.6215,0.4509,0.6976,0.5604,204,601,305,5,1
20140128174554Bh,1689,0.6443,1407,966,441,723,0.624,0.4535,0.6866,0.5719,842,1422,626,35,5
20160530234734Lh,554,0.2113,556,349,207,205,0.6288,0.4586,0.6277,0.63,593,225,99,4,1
20210731074710Th,373,0.1423,634,317,317,56,0.6296,0.4594,0.5,0.8499,237,244,55,2,0
20131115185414Mh,1099,0.4192,1623,857,766,242,0.6297,0.4595,0.528,0.7798,1764,501,205,11,2
20140701195814Mh,517,0.1972,1013,483,530,34,0.6314,0.4613,0.4768,0.9342,880,155,25,3,0
20131204192154Bh,1418,0.5409,2347,1189,1158,229,0.6316,0.4616,0.5066,0.8385,1752,651,173,15,1
20110324082614Th,163,0.0622,226,123,103,40,0.6324,0.4624,0.5442,0.7546,192,107,40,8,0
20110810063134Lh,1228,0.4684,899,685,214,543,0.6441,0.475,0.762,0.5578,308,1314,487,16,2
20170417232530Lh,325,0.124,512,271,241,54,0.6476,0.4788,0.5293,0.8338,419,107,44,4,0
20161222133714Th,450,0.1717,417,284,133,166,0.6551,0.4871,0.6811,0.6311,127,484,154,11,1
20111229063154Uh,297,0.1133,485,257,228,40,0.6573,0.4895,0.5299,0.8653,512,60,39,5,0
20140816072814Th,1342,0.5119,707,675,32,667,0.6589,0.4913,0.9547,0.503,198,1369,566,13,1
20130423072414Th,205,0.0782,325,175,150,30,0.6604,0.493,0.5385,0.8537,409,66,30,6,1
20131109190514Mh,875,0.3338,1270,712,558,163,0.6639,0.4969,0.5606,0.8137,729,525,161,13,2
20120813164714Mh,999,0.3811,855,617,238,382,0.6656,0.4988,0.7216,0.6176,760,432,121,5,2
20171011170310Mh,68,0.0259,121,63,58,5,0.6667,0.5,0.5207,0.9265,104,20,5,1,0
20160225173314Mh,375,0.1431,593,323,270,52,0.6674,0.5008,0.5447,0.8613,596,111,46,3,0
20160925165814Mh,1302,0.4967,1007,771,236,531,0.6678,0.5013,0.7656,0.5922,538,893,413,15,1
20171027223030Lh,1461,0.5573,1072,846,226,615,0.668,0.5015,0.7892,0.5791,406,1236,510,15,2
20171027223030Lh,1461,0.5573,1072,846,226,615,0.668,0.5015,0.7892,0.5791,406,1236,510,15,2
20160724135554Bh,817,0.3117,960,598,362,219,0.673,0.5072,0.6229,0.7319,483,534,205,3,2
20151105133734Ch,478,0.1823,755,415,340,63,0.6732,0.5073,0.5497,0.8682,601,254,62,10,1
20131006075314Th,1556,0.5936,1446,1011,435,545,0.6736,0.5078,0.6992,0.6497,523,1296,516,12,3
20160619133714Th,837,0.3193,697,517,180,320,0.6741,0.5084,0.7418,0.6177,171,686,310,7,1
20151116201114Mh,1601,0.6107,1406,1017,389,584,0.6764,0.5111,0.7233,0.6352,684,928,429,14,2
20120306063154Uh,382,0.1457,360,251,109,131,0.6765,0.5112,0.6972,0.6571,152,292,121,10,1
20130719140154Bh,1175,0.4482,1258,824,434,351,0.6774,0.5121,0.655,0.7013,1020,701,330,16,3
20130719140154Bh,1175,0.4482,1258,824,434,351,0.6774,0.5121,0.655,0.7013,1020,701,330,16,3
20160127225034Lh,2273,0.8671,1465,1269,196,1004,0.679,0.514,0.8662,0.5583,481,1826,884,17,5
20130616070414Th,1057,0.4032,1111,738,373,319,0.6808,0.5161,0.6643,0.6982,730,588,292,18,5
20160604163414Mh,1292,0.4929,1072,806,266,486,0.6819,0.5173,0.7519,0.6238,372,994,465,9,3
20170722235230Lh,324,0.1236,450,264,186,60,0.6822,0.5176,0.5867,0.8148,239,125,52,7,0
20150315082034Lh,1481,0.565,1625,1060,565,421,0.6825,0.5181,0.6523,0.7157,651,979,397,11,1
20180318020350Uh,120,0.0458,101,76,25,44,0.6878,0.5241,0.7525,0.6333,15,121,39,2,0
20160201025254Uh,1808,0.6897,1468,1130,338,678,0.6899,0.5266,0.7698,0.625,306,1736,636,17,3
20160809164914Mh,1308,0.499,1175,860,315,448,0.6927,0.5299,0.7319,0.6575,418,1081,410,9,3
20160804133734Ch,932,0.3555,796,599,197,333,0.6933,0.5306,0.7525,0.6427,229,672,199,11,1
20140709195814Mh,952,0.3632,1334,795,539,157,0.6955,0.5332,0.596,0.8351,1012,312,121,10,2
20110517164514Mh,112,0.0427,79,67,12,45,0.7016,0.5403,0.8481,0.5982,11,103,43,8,1
20110517164514Mh,112,0.0427,79,67,12,45,0.7016,0.5403,0.8481,0.5982,11,103,43,8,1
20120703070814Th,2262,0.8629,2103,1532,571,730,0.7019,0.5408,0.7285,0.6773,1071,1530,668,27,7
20120723095014Th,155,0.0591,205,127,78,28,0.7056,0.5451,0.6195,0.8194,167,50,27,4,0
20161210133714Th,144,0.0549,111,90,21,54,0.7059,0.5455,0.8108,0.625,13,115,53,4,1
20130303063154Uh,191,0.0729,299,173,126,18,0.7061,0.5457,0.5786,0.9058,286,47,16,2,0
20130303063154Uh,191,0.0729,299,173,126,18,0.7061,0.5457,0.5786,0.9058,286,47,16,2,0
20141004075414Th,1589,0.6062,2106,1306,800,283,0.7069,0.5467,0.6201,0.8219,1227,518,266,11,4
20161109171714Mh,616,0.235,815,506,309,110,0.7072,0.547,0.6209,0.8214,417,321,103,7,1
20211222120130Ch,703,0.2682,764,520,244,183,0.7089,0.5491,0.6806,0.7397,395,369,166,5,1
20120215153654Bh,3449,1.3157,3127,2335,792,1114,0.7102,0.5506,0.7467,0.677,964,2351,968,18,3
20171008144250Bh,313,0.1194,295,216,79,97,0.7105,0.551,0.7322,0.6901,94,262,92,3,1
20171121222130Lh,1166,0.4448,1224,850,374,316,0.7113,0.5519,0.6944,0.729,968,370,164,2,1
20141012195854Bh,1635,0.6237,1466,1103,363,532,0.7114,0.5521,0.7524,0.6746,736,850,343,13,0
20120914063134Lh,442,0.1686,445,316,129,126,0.7125,0.5534,0.7101,0.7149,214,238,126,4,1
20171115222230Lh,409,0.156,452,308,144,101,0.7154,0.557,0.6814,0.7531,291,235,99,5,0
20210103223630Lh,972,0.3708,673,590,83,382,0.7173,0.5592,0.8767,0.607,185,736,319,9,1
20111009110234Ch,389,0.1484,421,291,130,98,0.7185,0.5607,0.6912,0.7481,224,221,98,13,0
20130305112734Ch,719,0.2743,630,485,145,234,0.7191,0.5613,0.7698,0.6745,164,467,225,26,1
20110902073614Th,694,0.2647,511,434,77,260,0.7203,0.5629,0.8493,0.6254,108,606,231,11,1
20180926014350Uh,55,0.021,56,40,16,15,0.7207,0.5634,0.7143,0.7273,27,37,15,1,0
20160129225334Lh,1826,0.6966,1719,1282,437,544,0.7233,0.5665,0.7458,0.7021,748,1015,388,18,6
20171109023950Uh,244,0.0931,238,175,63,69,0.7261,0.57,0.7353,0.7172,79,91,66,2,1
20140205180154Bh,1127,0.4299,1522,964,558,163,0.7278,0.5721,0.6334,0.8554,908,312,145,13,1
20140205180154Bh,1127,0.4299,1522,964,558,163,0.7278,0.5721,0.6334,0.8554,908,312,145,13,1
20150620082014Th,1530,0.5836,1937,1273,664,257,0.7344,0.5802,0.6572,0.832,1177,603,210,14,2
20151019223534Lh,1869,0.713,1926,1394,532,475,0.7347,0.5806,0.7238,0.7459,1070,1006,410,9,2
20210223222830Ch,339,0.1293,406,274,132,65,0.7356,0.5817,0.6749,0.8083,273,138,59,2,0
20111223085314Th,1429,0.5451,1675,1142,533,287,0.7358,0.5821,0.6818,0.7992,1086,475,162,12,2
20110621063134Lh,817,0.3117,882,626,256,191,0.7369,0.5834,0.7098,0.7662,366,367,174,13,1
20161013133734Ch,611,0.2331,493,408,85,203,0.7391,0.5862,0.8276,0.6678,151,441,184,8,0
20180306081810Th,383,0.1461,477,318,159,65,0.7395,0.5867,0.6667,0.8303,306,140,51,2,0
20160309172214Mh,1242,0.4738,1513,1021,492,221,0.7412,0.5888,0.6748,0.8221,559,605,195,7,2
20140413195914Mh,2160,0.824,2361,1676,685,484,0.7414,0.5891,0.7099,0.7759,1198,840,366,14,0
20110203082634Lh,308,0.1175,374,253,121,55,0.7419,0.5897,0.6765,0.8214,313,77,31,1,0
20110203082634Lh,308,0.1175,374,253,121,55,0.7419,0.5897,0.6765,0.8214,313,77,31,1,0
20140513012554Uh,1494,0.5699,1433,1086,347,408,0.7421,0.5899,0.7579,0.7269,461,967,379,16,0
20110918112834Ch,1641,0.626,1437,1143,294,498,0.7427,0.5907,0.7954,0.6965,502,988,448,15,3
20121024164714Mh,1609,0.6138,1601,1192,409,417,0.7427,0.5907,0.7445,0.7408,745,684,282,8,2
20110510063134Lh,639,0.2438,682,492,190,147,0.7449,0.5935,0.7214,0.77,388,315,136,8,0
20130517063134Lh,622,0.2373,765,517,248,105,0.7455,0.5943,0.6758,0.8312,476,255,100,9,0
20130517063134Lh,622,0.2373,765,517,248,105,0.7455,0.5943,0.6758,0.8312,476,255,100,9,0
20150727082014Th,58,0.0221,86,54,32,4,0.75,0.6,0.6279,0.931,86,11,0,1,0
20131207084214Th,1219,0.465,1003,834,169,385,0.7507,0.6009,0.8315,0.6842,289,773,328,16,3
20111222063154Uh,2354,0.898,1884,1601,283,753,0.7555,0.6071,0.8498,0.6801,543,1501,628,14,3
20141106195854Bh,1080,0.412,1168,850,318,230,0.7562,0.608,0.7277,0.787,536,450,213,8,0
20210201020330Lh,329,0.1255,311,243,68,86,0.7594,0.6121,0.7814,0.7386,122,202,82,2,0
20161231133734Ch,479,0.1827,598,409,189,70,0.7595,0.6123,0.6839,0.8539,283,131,63,5,0
20140720195834Ch,1239,0.4726,1631,1092,539,147,0.761,0.6142,0.6695,0.8814,547,530,135,7,1
20141013195854Bh,1444,0.5508,1215,1014,201,430,0.7627,0.6164,0.8346,0.7022,463,700,371,17,4
20150221155154Bh,1164,0.444,1182,898,284,266,0.7656,0.6202,0.7597,0.7715,609,392,182,7,1
20170329133730Ch,526,0.2007,670,458,212,68,0.7659,0.6206,0.6836,0.8707,321,202,46,2,0
20160928143554Bh,658,0.251,836,575,261,83,0.7697,0.6257,0.6878,0.8739,461,180,59,4,0
20160213153054Bh,922,0.3517,995,739,256,183,0.771,0.6273,0.7427,0.8015,319,464,168,11,1
20111018063134Lh,1674,0.6386,1404,1190,214,484,0.7732,0.6303,0.8476,0.7109,403,980,358,32,4
20131007075314Th,1459,0.5566,1378,1097,281,362,0.7734,0.6305,0.7961,0.7519,572,617,317,7,1
20120403164114Mh,632,0.2411,552,458,94,174,0.7736,0.6309,0.8297,0.7247,114,263,173,3,1
20141013195834Ch,1254,0.4784,1300,988,312,266,0.7737,0.6309,0.76,0.7879,656,463,232,16,1
20140922195854Bh,1204,0.4593,1180,923,257,281,0.7743,0.6318,0.7822,0.7666,579,355,130,9,2
20160403170114Mh,351,0.1339,359,275,84,76,0.7746,0.6322,0.766,0.7835,156,136,69,3,0
20130411115134Ch,2003,0.7641,1764,1461,303,542,0.7757,0.6336,0.8282,0.7294,800,873,417,18,2
20120318063154Uh,441,0.1682,590,400,190,41,0.7759,0.6339,0.678,0.907,225,129,41,17,0
20190611032810Mh,647,0.2468,789,558,231,89,0.7772,0.6355,0.7072,0.8624,271,293,82,3,0
20110325171014Mh,71,0.0271,98,66,32,5,0.7811,0.6408,0.6735,0.9296,36,13,5,1,0
20120726071914Th,1460,0.5569,1497,1155,342,305,0.7812,0.641,0.7715,0.7911,587,550,271,10,4
20130319144654Bh,478,0.1823,620,429,191,49,0.7814,0.6413,0.6919,0.8975,311,95,48,5,0
20130601063154Uh,1025,0.391,1383,941,442,84,0.7816,0.6414,0.6804,0.918,878,256,57,9,1
20110502063154Uh,1047,0.3994,1196,882,314,165,0.7864,0.6481,0.7375,0.8424,495,314,149,14,0
20110502063154Uh,1047,0.3994,1196,882,314,165,0.7864,0.6481,0.7375,0.8424,495,314,149,14,0
20120331142954Bh,1168,0.4456,1219,939,280,229,0.7868,0.6485,0.7703,0.8039,509,492,194,7,1
20150216171714Mh,1569,0.5985,1707,1289,418,280,0.7869,0.6487,0.7551,0.8215,748,483,217,8,1
20150216171714Mh,1569,0.5985,1707,1289,418,280,0.7869,0.6487,0.7551,0.8215,748,483,217,8,1
20120113104834Ch,1451,0.5535,1717,1247,470,204,0.7872,0.6491,0.7263,0.8594,732,670,176,24,2
20130807073114Th,1068,0.4074,1246,911,335,157,0.7874,0.6493,0.7311,0.853,714,239,126,6,1
20150113155654Bh,1703,0.6496,1828,1394,434,309,0.7896,0.6523,0.7626,0.8186,662,638,232,14,1
20120810121634Ch,1111,0.4238,1223,925,298,186,0.7926,0.6565,0.7563,0.8326,461,394,150,8,1
20180202130330Ch,141,0.0538,174,125,49,16,0.7937,0.6579,0.7184,0.8865,68,35,11,3,0
20181102104630Ch,29,0.0111,44,29,15,0,0.7945,0.6591,0.6591,1.0,53,0,0,1,0
20110616133454Bh,624,0.238,785,560,225,64,0.7949,0.6596,0.7134,0.8974,262,224,44,7,1
20150228082414Th,2233,0.8518,2137,1737,400,496,0.795,0.6597,0.8128,0.7779,690,807,371,7,3
20141027224834Lh,3710,1.4153,3218,2759,459,951,0.7965,0.6618,0.8574,0.7437,967,1319,547,11,2
20160810234034Lh,997,0.3803,1049,815,234,182,0.7967,0.6621,0.7769,0.8175,402,363,136,7,0
20141214201834Ch,2269,0.8656,1933,1674,259,595,0.7968,0.6622,0.866,0.7378,533,993,475,11,1
20121113103634Ch,830,0.3166,767,637,130,193,0.7977,0.6635,0.8305,0.7675,222,357,181,14,1
20121113103634Ch,830,0.3166,767,637,130,193,0.7977,0.6635,0.8305,0.7675,222,357,181,14,1
20110823120334Ch,409,0.156,452,344,108,65,0.7991,0.6654,0.7611,0.8411,134,142,60,6,0
20210817165030Mh,228,0.087,227,182,45,46,0.8,0.6667,0.8018,0.7982,55,86,37,2,0
20210817165030Mh,228,0.087,227,182,45,46,0.8,0.6667,0.8018,0.7982,55,86,37,2,0
20111112193254Bh,1763,0.6725,1858,1450,408,313,0.8009,0.6679,0.7804,0.8225,778,578,267,12,3
20121109103634Ch,437,0.1667,523,385,138,52,0.8021,0.6696,0.7361,0.881,211,101,46,5,1
20111115063134Lh,1472,0.5615,1709,1276,433,196,0.8023,0.6698,0.7466,0.8668,808,404,175,13,2
20150125172714Mh,363,0.1385,455,329,126,34,0.8044,0.6728,0.7231,0.9063,131,73,30,3,0
20141112195854Bh,987,0.3765,1136,856,280,131,0.8064,0.6756,0.7535,0.8673,560,289,104,17,1
20141112195854Bh,987,0.3765,1136,856,280,131,0.8064,0.6756,0.7535,0.8673,560,289,104,17,1
20141001195834Ch,2748,1.0483,2948,2300,648,448,0.8076,0.6773,0.7802,0.837,1029,954,337,20,3
20120223152054Bh,1374,0.5241,1717,1249,468,125,0.8082,0.6781,0.7274,0.909,683,432,99,9,1
20180112130330Ch,195,0.0744,235,174,61,21,0.8093,0.6797,0.7404,0.8923,45,52,19,2,0
20131025185414Mh,3337,1.273,3576,2803,773,534,0.8109,0.682,0.7838,0.84,952,1604,493,40,1
20131229112414Th,899,0.3429,834,703,131,196,0.8113,0.6825,0.8429,0.782,304,280,156,18,0
20140312081114Th,1601,0.6107,1564,1284,280,317,0.8114,0.6826,0.821,0.802,560,540,273,9,2
20190412025430Lh,104,0.0397,90,79,11,25,0.8144,0.687,0.8778,0.7596,9,45,25,1,0
20141016195834Ch,1204,0.4593,1179,972,207,232,0.8158,0.6889,0.8244,0.8073,315,457,195,15,0
20120729122634Ch,2048,0.7812,2395,1815,580,233,0.817,0.6906,0.7578,0.8862,695,708,205,12,1
20130903141654Bh,1251,0.4772,1373,1072,301,179,0.8171,0.6907,0.7808,0.8569,470,384,167,14,2
20111218085014Th,1380,0.5264,1292,1092,200,288,0.8174,0.6911,0.8452,0.7913,259,563,245,15,4
20140710083214Th,1736,0.6622,1738,1420,318,316,0.8175,0.6913,0.817,0.818,577,706,241,35,2
20171101133730Ch,186,0.071,227,169,58,17,0.8184,0.6926,0.7445,0.9086,114,43,13,1,0
20171101133730Ch,186,0.071,227,169,58,17,0.8184,0.6926,0.7445,0.9086,114,43,13,1,0
20140210180154Bh,1889,0.7206,2143,1650,493,239,0.8185,0.6927,0.7699,0.8735,865,419,186,16,3
20120910074014Th,661,0.2522,715,564,151,97,0.8198,0.6946,0.7888,0.8533,214,196,91,8,0
20120910074014Th,661,0.2522,715,564,151,97,0.8198,0.6946,0.7888,0.8533,214,196,91,8,0
20121027165114Mh,1962,0.7484,2130,1680,450,282,0.8211,0.6965,0.7887,0.8563,762,647,149,4,0
20170103030554Uh,181,0.069,193,154,39,27,0.8235,0.7,0.7979,0.8508,46,52,27,3,0
20140212024554Uh,1201,0.4581,1346,1049,297,152,0.8237,0.7003,0.7793,0.8734,445,322,137,8,0
20111027145954Bh,1370,0.5226,1615,1235,380,135,0.8275,0.7057,0.7647,0.9015,478,463,77,5,0
20111215063134Lh,778,0.2968,768,641,127,137,0.8292,0.7083,0.8346,0.8239,246,273,115,6,0
20151122172614Mh,1310,0.4997,1199,1043,156,267,0.8314,0.7115,0.8699,0.7962,258,510,232,11,1
20150421140454Bh,2005,0.7648,2104,1709,395,296,0.8318,0.7121,0.8123,0.8524,693,596,222,16,1
20131107043054Uh,1260,0.4807,1227,1037,190,223,0.8339,0.7152,0.8452,0.823,333,412,166,13,0
20120131063154Uh,350,0.1335,374,302,72,48,0.8343,0.7156,0.8075,0.8629,81,136,23,2,0
20120715123434Ch,679,0.259,731,590,141,89,0.8369,0.7195,0.8071,0.8689,247,166,69,9,1
20130630070714Th,509,0.1942,497,423,74,86,0.841,0.7256,0.8511,0.831,164,125,71,5,1
20161129022454Uh,1221,0.4658,1289,1057,232,164,0.8422,0.7275,0.82,0.8657,292,378,125,18,2
20150617161314Mh,1868,0.7126,1924,1601,323,267,0.8444,0.7307,0.8321,0.8571,601,542,221,8,1
20150626161514Mh,877,0.3345,789,705,84,172,0.8463,0.7336,0.8935,0.8039,222,270,116,3,0
20111116063134Lh,2047,0.7809,2035,1736,299,311,0.8506,0.74,0.8531,0.8481,377,617,246,23,1
20130903060834Lh,1499,0.5718,1513,1287,226,212,0.8546,0.7461,0.8506,0.8586,277,403,143,6,0
20170417014150Uh,186,0.071,188,160,28,26,0.8556,0.7477,0.8511,0.8602,29,45,25,2,0
20170609133710Th,393,0.1499,418,347,71,46,0.8557,0.7478,0.8301,0.883,118,119,26,1,0
20141012015654Uh,1400,0.5341,1439,1215,224,185,0.8559,0.7482,0.8443,0.8679,279,397,146,7,1
20160617133654Bh,971,0.3704,983,837,146,134,0.8567,0.7493,0.8515,0.862,327,234,79,8,0
20120917142654Bh,427,0.1629,430,371,59,56,0.8658,0.7634,0.8628,0.8689,72,96,47,6,1
20160223173514Mh,1033,0.3941,1077,914,163,119,0.8664,0.7642,0.8487,0.8848,184,298,99,6,1
20220328143550Bh,148,0.0565,155,132,23,16,0.8713,0.7719,0.8516,0.8919,31,48,13,1,0
20130218220314Mh,808,0.3082,772,690,82,118,0.8734,0.7753,0.8938,0.854,196,195,54,2,0
20111214132434Ch,225,0.0858,260,213,47,12,0.8784,0.7831,0.8192,0.9467,46,47,10,3,0
20120811121434Ch,1080,0.412,1087,952,135,128,0.8786,0.7835,0.8758,0.8815,227,238,72,7,0
20150625082034Lh,725,0.2766,718,634,84,91,0.8787,0.7837,0.883,0.8745,115,154,75,3,0
20180301050430Lh,362,0.1381,339,310,29,52,0.8845,0.7928,0.9145,0.8564,48,102,38,3,1
20130828141354Bh,2307,0.8801,2541,2145,396,162,0.8849,0.7936,0.8442,0.9298,552,451,41,14,0
20120913165314Mh,259,0.0988,267,233,34,26,0.8859,0.7952,0.8727,0.8996,43,58,23,3,0
20170927143450Bh,134,0.0511,146,125,21,9,0.8929,0.8065,0.8562,0.9328,23,25,8,1,1
20180804234530Lh,228,0.087,218,208,10,20,0.9327,0.8739,0.9541,0.9123,37,25,0,1,0
